site_id	title	variant _Akkadian	type	sub_type	title_source	t_s_pages	Location Notes	Probability	variant_Persian	variant_Aramaic	variant_Modern	Image(s)	Notes	start	LOC - 1	LOC-1 Probability	LOC - 2	LOC - 3	LOC - 4	LOC - 5	ccode	CDLI	Pleiades
	Ḫarrāti	various			RGTC-8	154	Near URUK						Facing ALT 1; Divided by ALT 2; Bordered to W. by ALT 3 & to N. by ALT 4 ; In ALT 5	-800	DUG		NHLT	HRT	NTKK	BAMK	IQ		
DSGD	Dūru-ša-Gidānu	BAD ša gi-da-nu			RGTC-8	126	URUK Region						Right Bank of ALT 1 Not far from ALT 2 & ALT 3; Possibly in ALT 4	-800	NNSR		NHN	SNP	BAMK		IQ		
HMAI	Ḫarru-ša-Marduk-apla-iddina	{i7}ḫar-ri šā {md}AMAR.UTU-DUMU.UŠ-MU; {i7}ḫar-ri [šā] [{md}AMAR.UTU-DUM}U.UŠ-SUM{na}	Water		RGTC-8	357	URUK Region						Near ALT 1 and ALT 2 and (maybe) ALT 3; Cf. ALT 4	-800	BZGB		EUP	HNSL (Nar-)	BHMI		IQ		
SNP	Šanāpu	various			RGTC-8	286	North of URUK						In ALT 1; RIght Bank of ALT 2; Between  ALT 3 & ALT 4	-800	BDKR		NNRS	BRT	Bīt-Nabû-bān-aḫi		IQ		
THRS	Til-Ḫurāṣi	{various}DU-KU.GI			RGTC-8	310	URUK Region						"S. part of ALT 1, not far from ALT 2 and ALT 3; On ALT 4RGTC-8 p384)"	-800	BDKR		NSB	NNAS	EUP		IQ		
LBJ	Labaṣi-ša-Bīt-Ja[ ]	{uru}la-ab-ṣi ša E-{m}ia-[x]-[...]			RGTC-8	206	***						"In ALT 1, near ALT 2; by ALT 3"	-800	BDKR		BNUR	EUP	HSI		IQ		
BNUR	Bīt-Nūrea	E-{m}ZALAG-e-a; A.ŠA E-{m}ZALAG-e-[a]			RGTC-8	99	***						"In ALT 1, near ALT 2, ALT 3, and ALT 4"	-800	BDKR		LBJ	EUP	NHSI		IQ		
NSRP	Surappu	{íd}su-rap-pi;{íd}su-ra-pi; {íd}su-rap-pi	Water		RGTC-7/3	758-759							"Next to ALT 1 & ALT 2, Connected to ALT 3 & ALT 4"	-800	GMB		PQD	TIG	UQNU		IQ		
BREE	Bīt-Rē'ê	{uru}E-{lu}SIPA{me}			RGTC-8	102	Not far from URUK	Perhaps					Connected to ALT 1 by WATER; Cf.  ALT 2 in ALT 3	-800	AMN		BREE	BAMK			IQ		
TDQL	Til-Daqalu	DU6-{garim}da-qa-lu4			RGTC-8	309	Mentioned in URUK Text						Mentioned with ALT 1 & ALT 2; Connected to ALT 3; Perhaps ID to Daqala	-800	HDD		TUT	BAMK			IQ		
HSSG	Ḫarru-ša-Šaggē	{i7}ḫar-ri ša {m}šag-ge-e	Water		RGTC-8	358	North of URUK						Flowed in ALT 1 and ALT 2 in ALT 3	-800	BIB	Possible	DSBR	BDKR			IQ		
NSUM	Nār-Sumandar	various	Water		RGTC-8	382-383	***						"Flows from Alt 1 and Alt 2, poss. ALT 3"	-800	BAB	Possible	SIP	BOR			IQ		
BNAB	Bīt-Nabû	{uru}E-{d}AG; {garim}E-{d}AG;			RGTC-8	96	URUK Region						Left Bank of ALT 1; Not far from ALT 2 and ALT 3	-800	NNSR		NNAS	BSMI			IQ		
GMB	Gambūlu	{kur}gam-bu-li/lu; others	Region		RGTC-7/3	221-224							"In ALT 1, On ALT 2, Borders ALT 3"	-800	BAB		NSRP	ELM			IQ		
ZAM	Zamē	{uru}za-a-me-e			RGTC-8; RGTC-7/3	333; 616	URUK Region	Possible					"Multiple Iterations; named for tribal region near ALT 1, Near ALT 2, on ALT 3"	-800	BAB		PQD	EUP			IQ		
NHRK	Ḫarri-kibbi	{i7}ḫar-ri-ki-ib-bi; {i7}ḫar-ri-kib-bi/bu	Water		RGTC-8	351	URUK Region	Possible					Parallel or North of ALT 1; not far from ALT 2 & ALT 3	-800	NTKK	Possible	NNPQ	EUP			IQ		
KLD	Kaldu (Chaldea)	various	Region	Province	RGTC-7/3	314-317							"Includes ALT 1, ALT 2, on ALT 3"	-800	BAWK		BDKR	GUL			IQ		
NBIN	Nār-bīnī	ÍD {giš}bi-i-ni:	Water		Ermidoro	151	URUK Region						"In District ALT 1, plot connection to ALT 2, Text from ALT 3"	-800	Bēltu ša Uruk		NTKK	Harru-ša- Lâbâši			IQ		
SUM	Sumandar	check RGTC-8			RGTC-8	275	URUK Region						"Extends from Border of ALT 1 & ALT 2, to ALT 3"	-800	THS		AST	HDU			IQ		
HLT	Ḫiltu	check RGTC-8			RGTC-8	160	Near URUK						"Possibly A.K.A. Madbūḫiya; In ALT 1; Cf. Alt 2, ALT 3"	-800	BAMK	Possible	BHLT	HLT			IQ		
NHRS	Ḫarīṣu	various	Water		RGTC-8	349-350	URUK Region						"Multiple Iterations: Near ""Ninurta Temple""; Near ALT 1; In ALT 2; In ALT 3"	-800	SIP	Probable	DLB	HLT			IQ		
HNSL	Ḫarru-ša-Nabû-šuma-līšir	{i7}ḫar-ri ša {md}AG-MU-GIŠ; KA-{i7}ḫar-ri ša {md}AG-MU-GIŠ	Water		RGTC-8	357	URUK Region						"Near ALT 1, ALT 2, and ALT 3"	-800	BZGB		EUP	HMAI			IQ		
ASNN	Ālu-ša-Šunanē				Zadok 2020		***						"AKA Ālu-ša-Qatnānē; Near ALT 1, ALT 2"	-800	SEA		SQL	KLB			IQ		
	Apak 	{uru}a-pa-ak			RGTC-7/3	45	***						"In ALT 1, Probably West of ALT 2, Near ALT 3"	-800	BDKR		Marad	Malilatu			IQ		
DSBD	Dūru-ša-Bīt-Dakūri	various			RGTC-8	126	North of URUK						In ALT 1; Not far from ALT 2 & ALT 3	-800	BDKR		NNRS	NBSL			IQ		
HSAA	Ḫarru-ša-abul-dAdad	ÍD ḫa-ri šá abul {d}IM	Water		Ermidoro	142	In/Around URUK						"Connected to ALT 1, ALT 2, ALT 3, others"	-800	HSNN		NNRS	NELP			IQ		
	Nār-Šapputtu	{uru}/{uru.I7}šap-pu-ut-tu4	Water		RGTC-8	384	Not far from URUK						Multiple Iterations; In ALT 1; In ALT 2 & ALT 3	-800	SUM		KNRT	NIP			IQ		
NNSR	Nār-Šarri	I7-LUGAL; others	Water		RGTC-8	384-385	Flows to URUK						"Multiple Iterations, Attested near ALT 1, ALT 2 w/ IDIGLAT & ALT 3"	-800	BAB		SIP	NIP			IQ		
	Sapīja	{uru}sa-pi-a/e/ia' {uru}šá-pi-ia			RGTC-7/3	504	East of URUK						In ALT 1; North of ALT 2; South of ALT 3	-800	BAMK		URI	NIP			IQ		
NZR	Nazzû-rabû	naz-zu-u GAL{u}			RGTC-8	236	Near URUK						In ALT 1; Cf. Cf. ALT 2 & ALT 3	-800	BAMK	Possible	NZQ	NMZ			IQ		
NZQ	Nazzû-qallu	naz-zu-u qal-la			RGTC-8	236	Near URUK						In ALT 1; Cf. ALT 2 & ALT 3	-800	BAMK	Possible	NMZ	NZR			IQ		
NMZ	Namzû	{garim}nam-zu-u			RGTC-8	234	East of URUK						East bank of ALT 1; Could be ID to ALT 2 & ALT 3	-800	NNSR		NZQ	NZR			IQ		
	Serrēmu	{garim}ANŠE.EDEN.NA; ANŠE.EDEN.NA			RGTC-8	266	URUK Region						On ALT 1 & ALT 2; Near ALT 3	-800	NHRK		NTKK	RAT			IQ		
	Šaṭeru	{uru}ša-at-SUM{na}; {uru}ša-NIN-SUM{na}			RGTC-8	290-291	North of URUK						Left Bank of ALT 1; In ALT 2; Connected w/ ALT 3; Cf. Karkara	-800	NNSR	Possible	BAMK	NHRK			IQ		
BSMI	Bīt-Šama'-il	{uru}E-{m}ša-ma-'-il			RGTC-8	104-105	URUK Region						"On ALT 1, between ALT 2 & ALT 3"	-800	NNSR	Probable	NHL	NHSI			IQ		
NNSB	Nāru-ša-Silim-Bēl	I7 ša si-lim-{d}EN GU {i7} tak-ki-ri/tak-kir	Water		RGTC-8	393	URUK Region						Tributary of ALT 1; Parallel to ALT 2 and ALT 3	-800	NTKK		NBBE	NNLS			IQ		
NNLS	Nār-Lasūtu	I7-la-su-tu4	Water		RGTC-8	376	URUK Region						Tributary of ALT 1; Parallel to ALT 2 & ALT 3	-800	NTKK		NBBE	NNSB			IQ		
RDJ	Rudāja	ru-da-a-a; {garim}ru-da-a-a; ru-da-a			RGTC-8	262	S/W Section of URUK						Multiple Iterations; on ALT 1; borders ALT 2 & ALT 3	-800	NTKK		DUG	NNSR			IQ		
SQL	Šaqillatu	various			RGTC-8	288	URUK Region						"From R.H. to ALT 1, N. of ALT 2, Left bank ALT 3"	-800	RDJ	Possible	HST	NNSR			IQ		
NBNT	Nār-Bānītu	various	Water		RGTC-8	366-367	In URUK						Multiple Iterations; Not near ALT 1; ALT 2; not far from ALT 3	-800	BAB		NIP	NNSR			IQ		
NBAR	Nār-Baru	ÍD-ba-ru	Water		Ermidoro	151	In URUK	Probable					"Mentioned in Document from ALT 1, alongside ALT 2, ALT 3"	-800	Kar-Eanna		NNAS	NNSR			IQ		
	Ḫarri-Bīt-Dakkūri	ḫar-ri-É-dak-ku-ri	Water		RGTC-7/3	749-750							"In ALT 1, ALT 2; South of ALT 3;"	-800	KLD		BDKR	SIP			IQ		
NHN	Nuḫānu	various			RGTC-8	243-244	URUK Region						Multiple Iterations; Right bank of ALT 1; not far from ALT 2 and ALT 3	-800	NNSR		DSGD	SNP			IQ		
BKIN	Bīt-Kīnā	{uru}E-{m}kin7-a			RGTC-8	94	Not far from URUK	Probable					In ALT; On ALT 2; Includes ALT 3	-800	BDKR		HNET	THS			IQ		
KLB	Kullabi	{uru}kul-lab-bu; {d}šar-rat kul-la-bu; kul-l[ab{ki}]; kul-ab{ki}	Settlement	Town	RGTC-8	202	Near URUK						See Adams '72; In ALT 1; Mentioned with ALT 2 & ALT 3	-800	BJKN		ERD	URI			IQ		
NRS	Nāru-Eššu	various			RGTC-8	235	URUK Region						Multiple Iterations; On ALT 1; Mentioned after ALT 2	-800	NNRS		AST				IQ		
AMN	Amanu	various			RGTC-8	22	Not far from URUK	Possible					"Not far from ALT 1, in turn in ALT 2"	-800	BREE	Possible	BAMK				IQ		
HSZ	Ḫiltu-ša-šizbāni	check RGTC-8	Water		RGTC-8	360	Not far from URUK	Possible					Left Bank of ALT 1; in ALT 2;	-800	NNSR	Possible	BAMK				IQ		
HNET	Ḫarru-ša-Nabû-ēṭir	{i7}-ḫar-ri ša {md}AG-SUR	Water		RGTC-8	357	North of URUK						Flowed in ALT 1; in the region of ALT 2	-800	BKIN		BDKR				IQ		
BIB	Bēl-ibni	{uru.md}EN-DU A {m}bul-lut or {uru.d}EN.DU			RGTC-8	73	Not far from URUK	Possible					On ALT 1 in ALT 2	-800	HSSG	Possible	BDKR				IQ		
DSBR	Dūru-ša-Barīḫi	{[uru]}BAD ša {m}ba-ri-ḫi			RGTC-8	125	North of URUK						On ALT 1; in the Region of ALT 2	-800	HSSG		BDKR				IQ		
BGP1	Bīt-Guppā	E-{m}Gup-pa-'			RGTC-8	88	URUK Region						On ALT 1; Possibly ALT 2	-800	NNSR		BGP2				IQ		
HLT	Ḫallatu	various			RGTC-8	147-148	***						Multiple Interations; Near ALT 1; Near ALT 2	-800	BAB		BOR				IQ		
	Amattu 	{uru}a-ma-at-tu; {uru}a-ma-tu			RGTC-7/3	35-36	***						"In ALT 1, Possibly Near ALT 2"	-800	BDKR		BOR				IQ		
	Paṣītu 	{uru}pa-ṣi-tú			RGTC-7/3	456	***						"Near ALT 1, Alt 2"	-800	Dunānu 		BOR				IQ		
	Nāru-Labīru	I7 la-bi-ri; I& LIBIR.RA	Water		RGTC-8	388	In & Near URUK						Multiple Iterations; Not far from ALT 1; In ALT 2 Text;	-800	SIP		BOR				IQ		
DIL	Dūr-Illil	{uru}BÀD-{d}L			Zadok 2020		***						in ALT 1; near ALT 2	-800	SEA		BSD				IQ		
BDKR	Bīt-Dakūru	various	Region	Province	RGTC-8	85-86	***						Chaldean territory in Southern ALT 1; Cf. ALT 2	-800	BAB (region)		DSBD				IQ		
	Birāte	{kur}bi-ra-a-te; {uru}bi-rat			RGTC-7/3	106-107	***						"Not far from ALT 1, ALT 2"	-800	Patti-Enlil Canal		Galṣabri 				IQ		
	Ḫilmu	{kur}a-ḫi-li-im-mu; {kur}ḫi-il-mu; {uru}ḫi-il-me/mu; others			RGTC-7/3	273-274	Near URUK						In ALT 1; Banks of ALT 2	-800	GMB	Possible	GUL				IQ		
NAMR	Nār-Amurru	I7-{d}KUR-GAL	Water		RGTC-8	364	URUK Region						Not far from ALT 1; may equal ALT 2	-800	NNSR		HBAM				IQ		
TUT	Ta'ūti	{garim}ta-'-u-ti			RGTC-8	307	Not far from URUK	Possible					Mentioned with ALT 1 & ALT 2	-800	TDQ		HDD				IQ		
	Tamkāru rabītu				Zadok 2020		***						"Near ALT 1, ALT 2"	-800	AST		HLT				IQ		
	Šīḫu-ša-Marduk-apla-uṣur	check RGTC-8			RGTC-8	293	Near URUK						In ALT 1; On ALT 2	-800	BAMK	Possible	HLT				IQ		
BZGB	Bīt-Zu-gunabu	E-zu-gu-na-bu			RGTC-8	111-112	Not far from URUK						On ALT 1 and sluice of ALT 2	-800	EUP		HNSL				IQ		
BABR	Bīt-Abi-rīm	{uru}E-AD-ri-im			RGTC-8	79	***						"In ALT 1, marked w/ ""?""; mentioned with ALT 2"	-800	BDKR	Possible	HPS				IQ		
HRT	Ḫarrātu	{I7}ḫar-ra-tu4	Water		RGTC-8	350	Near URUK	Probable					Tributary of ALT 1; Bordered on ALT 2;	-800	NTKK	Probable	HRT				IQ		
HSMH	Ḫarru-ša-māḫiṣē	{i7}ḫar-ri šā {lu}ma-ḫi-ṣe-e	Water		RGTC-8	356	URUK Region						Flowed east of ALT 1; a.k.a ALT 2	-800	HLT		HSMH				IQ		
	Nāru-ša-Nanâ	I7 ša {d}na-na-a	Water		RGTC-8	392	Near URUK						Near ALT 1; Presumably a.k.a. ALT 2	-800	BZBN		HSNN				IQ		
NNBT	Nāru-ša-bīt-ili	I7 ša E-DINGIR; A.ŠA ša KA-I7 ša E-DINGIR	Water		RGTC-8	391	URUK Region						Tributary of ALT 1; Not far from ALT 2;	-800	NNSR		LTU				IQ		
DSJT	Dūru-ša-Jatiru	{uru}BAD ša i-ti-ri			RGTC-8	126	URUK Region						"Near ALT 1, mentioned with ALT 2"	-800	SLH	Possible	LTU				IQ		
NELP	Nār eleppēti	ÍD {giš}MÁ.MEŠ	Water		Ermidoro	153	Outside URUK						"Near ALT 1, West of ALT 2"	-800	Uruk Walls		Nār-šarri 				IQ		
NSNG	Nār-sangê 	ÍD {lú}É.BAR	Water		Ermidoro	158	In URUK						"Near ALT 1, ALT 2"	-800	NNSR		Nāru-labīru				IQ		
NNBI	Nāru-ša-bīt-ilāni	I ša E-DINGIR{meš}	Water		RGTC-8	391	URUK Region	Possible					Tributary of ALT 1 from Left Bank; Parallel to Upper Course of ALT 2	-800	NTKK	Possibly	NBBE				IQ		
	Bānītu 	{uru}ba-ni-tu 			RGTC-7/3	94	***						"In ALT 1, On ALT 2; Cf. Bānītāja"	-800	BDKR		NBNT						
NNHL	Naḫal	{i7}na-ḫal	Water		RGTC-8	363	***						Not far from ALT 1; Cf. ALT 2	-800	SEA		NHL				IQ		
NUN2	Nūnū	{garim}nu-nu-ū			RGTC-8	244	Near URUK						In ALT 1; Cf. ALT 2	-800	BAMK	Possible	NIN1				IQ		
HPQ	Ḫarri-Piqūdu	various	Water		RGTC-8	351	Towards URUK						Flowed East of ALT 1; Towards ALT 2; Cf. Nār-Piqūdu	-800	BAB		NIP				IQ		
	Nār-Bēl	various	Water		RGTC-8	368	Mentioned in URUK Text						Multiple Iterations; Branched from ALT 1; In Region of ALT 2;	-800	NNSN		NIP				IQ		
NSP	Namri-saparrāta	{i7}nam-ri-sa-par-ra-a-ta; I7!-sa-par-ra-a-ta	Water		RGTC-8	364	URUK Region						"Tributary of ALT 1, on Left Bank; flowed in ALT 2"	-800	NTKK		NSP				IQ		
	Ibūli	{uru}i-bu-li; {uru}ú-bu-li			RGTC-7/3	294	Near URUK						Near ALT 1; ALT 2	-800	NIP		PQD				IQ		
KRB	Kurbat	{uru}kur-bat ša GU {i7}UD.KIB.NUN{ki}; {uru}kur-bat; others			RGTC-8	203	URUK Region						On ALT 1 and ALT 2	-800	EUP		NHRK				IQ		
	Maškan-il	{uru}maš-kan-DINGIR; {garim}maš-kan-DINGIR; others			RGTC-8	222-223	In Vicinity of URUK						Mentioned with ALT 1 & ALT 2	-800	NNPQ		NHRK				IQ		
RHW	Royal Highway	various	Road		Zadok 2020		***						Parallel to ALT 1; Near ALT 2	-800	NNSR		NNAS				IQ		
NHL	Naḫal	{uru}na-ḫal; {{kur}na-ḫal; others 			RGTC-8	233	URUK Region						In basin of ALT 1; Cf. ALT 2	-800	NNSR		NNHL				IQ		
SMT	Šiḫmūti	{garim}ši-iḫ(?!)-mu-ti			RGTC-8	293	URUK Region	Possible					Mentioned between ALT 1 and ALT 2	-800	HNB		NNIN				IQ		
ASBU	Àlu-ša-Bēlti-ša-Uruk	check RGTC-8			RGTC-8	10	URUK Region						Near ALt 1 and ALT 2	-800	NNGM		NNIN				IQ		
	Kapri-ša-nāqidāti				Zadok 2020		***						In ALT 1; On ALT 2;	-800	BAWK		NNRS				IQ		
NNAS	Nār-Aššurītu	various	Water		RGTC-8	365	URUK Region						Flowed in ALT 1; Tributary of ALT 2	-800	AST	Probable	NNRS				IQ		
KSJ	Kūṣāja	{garim}ku-ṣa-a-a; ku-ṣa-a-a			RGTC-8	204	East of URUK						In ALT 1; Left Bank of ALT 2	-800	BAMK	Possible	NNRS				IQ		
	Ḫuṣṣēti-ša-mār-šarri	ḫu-uṣ-ṣe-e-ti šá DUMU-LUGAL			RGTC-8	174	Not far from URUK						In ALT 1; Left Bank of ALT 2	-800	BAMK		NNRS				IQ		
BASS	Bāb-Aššurītu	{uru}KA-a-šur-ri-tu4			RGTC-8	38	Not far from URUK	Probable					On ALT 1; On ALT 2 (Zadok 2020)	-800	NNAS	Probable	NNRS				IQ		
NBAD	Nār-bāb-Adad	ÍD ina KÁ.GAL {d}IM	Water		Ermidoro	150	In URUK						"Under ALT 1, flowed to ALT 2"	-800	Uruk Walls		NNRS				IQ		
LTU	Lasūtu	check RGTC-8			RGTC-8	211-212	URUK Region						On ALT 1 & ALT 2	-800	NNLS		NTKK				IQ		
	Nār-Šaqillati	I7-ša-qil-la-at	Water		RGTC-8	384	URUK Region						Not far from ALT 1; Presumably near ALT 2	-800	BSMI		SQL				IQ		
HBS	Ḫurbat-Šadē	{garim}ḫur-bat-šá-de-e			RGTC-8	168	Not far from URUK						Near ALT 1 & ALT 2	-800	HRB	Possible	SUM				IQ		
TAGR	Til-Agurrēti	various			RGTC-8	308	URUK Region						Not far from ALT 1; Text Connection to ALT 2	-800	BSMI		TATN				IQ		
HSHD	Ḫuṣṣēti-ša-Ḫašdija	pa-na-ta {uru}ḫu!-uṣ!-ṣe-e-tu4 šá {m}ḫaš-di-iá			RGTC-8	172	Not far from URUK	Probably					Mentioned with ALT 1 & ALT 2	-800	KNN		TBL				IQ		
BRT	Bīrāti	various			RGTC-8	75	URUK Region						Multiple Iterations; Not far from ALT 1 and ALT 2	-800	DSGD	Probable	TSU				IQ		
ERD	Eridu	{uru}NUN{ki}; others			RGTC-8	133	***				Tall Abī Šahrāin (Bagg 2020)		Bagg 2020: Walled city in ALT 1; 15 km SW of ALT 2;	-800	BJKN		URI				IQ		
NNSN	Nār-Sîn	various	Water		RGTC-8	381-382	***						Multiple Iterations; ALT 1 Region; Not far from ALT 2; East--West	-800	NIP		URI				IQ		
NHLT	Ḫiltu	{i7}ḫi-il-ti/tu4	Water		RGTC-8	360	***						Flowed in ALT 1; In Region of ALT 2	-800	QDM		URI				IQ		
QDM	Qadaminnu	{garim}qa-ad-im-in!-nu NAM ŠEŠ.UNU{ki}			RGTC-8	253	***						"On ALT 1, in Region of ALT 2"	-800	NHLT		URI				IQ		
ASSS	Àlu-ša-šasi'ūa	URU šá {lú}šá-si-ú-a			RGTC-8	20	URUK Region	Perhaps					Not far from ALT 1	-800	ASIK	Possible					IQ		
ASIK	Àlu-ša-ikkarē	URU ša {lú}ENGAR{meš}			RGTC-8	11	URUK Region	Perhaps					Not far from ALT 1	-800	ASSS	Possible					IQ		
NNRS	Nāru-Eššu	check RGTC-8	Water		RGTC-8	387	***						Cf. Nāru-eššetu; ALT 1 spec. to Enlil Gate	-800	BAB						IQ		
	Kiš		Settlement	City	LingFil Data		"32.540 N, 44.604 E"				Tell al-Uhaymir		North of ALT 1	-800	BAB						IQ		
BAMK	Bīt-Amukanu	various	Region	Province	RGTC-8	80-81	***						Chaldean territory in Southern ALT 1	-800	BAB (region)						IQ		
ASAS	Àlu-ša-aškāpē	URU ša {lu}AŠGAB{meš}			RGTC-8	9	Not far from URUK						In ALT 1	-800	BAMK						IQ		
ASKZ	Àlu-ša-kizû	URU šá {lú}ki-zu-ú{meš}			RGTC-8	13	Not far from URUK						In ALT 1	-800	BAMK						IQ		
BBAL	Bīt-Balu	{uru}E-ba-lu			RGTC-8	83	Not far from URUK						In ALT 1	-800	BAMK						IQ		
BBU	Bābu	{garim}ba-a-bi			RGTC-8	61	Near URUK						In ALT 1	-800	BAMK	Possible					IQ		
BETB	Bīt-Ē-ṭābi	E-e(?)-ṭa-bi			RGTC-8	87	Near URUK						In ALT 1;	-800	BAMK	Possible					IQ		
BIBA	Bīt-Ibā	{uru}E-{m}i-ba-a; {uru}i-ba-a			RGTC-8	91	Not far from URUK						"In ALT 1; may be simply sole house; ""city"" (Bagg 2020)"	-800	BAMK						IQ		
BIQS	Bīt-Iqīšā	{garim}E-{m}BA{ša-a}			RGTC-8	93	Near URUK						In ALT 1	-800	BAMK	Possible					IQ		
BLJ	Bēlāja	{garim}EN-a-a			RGTC-8	73	Not far from URUK	Probable					In ALT 1	-800	BAMK	Probable					IQ		
BMBB	Bīt-mār-Bābili	{garim}E-DUMU-TIN.TI[R{ki}]			RGTC-8	95-96	Near URUK						Mutiple Iterations; In ALT 1	-800	BAMK	Possible					IQ		
BNAG	Bāb-Nagīti	KA-na-gi-ti			RGTC-8	59	Not far from URUK						In ALT 1	-800	BAMK						IQ		
BRH	Birḫīni	{garim}bir-ḫi-ni			RGTC-8	76	Near URUK						In ALT 1	-800	BAMK	Possible					IQ		
DHH	Duḫaḫu	{uru}du-ḫa-ḫu			RGTC-8	120	Not far from URUK						In ALT 1	-800	BAMK								
DSN	Dimtu-ša-Nanâ	di-in-du ša {d}na-na-a			RGTC-8	119	Near URUK						In ALT 1	-800	BAMK	Possible					IQ		
KSP	Kapri-šāpiri	{uru}lkap-ri-šā-pi-ri; {uru}ka-par-šā-pi-ri			RGTC-8	194	Not far from URUK						In ALT 1	-800	BAMK						IQ		
TSN	Tillē-ša-Nanâ	bi-rit DU6{meš} ša {d}na-na-a			RGTC-8	311	Near URUK						In ALT 1;	-800	BAMK	Possible					IQ		
	Ḫiltu-ša-Bīt-Nabû	{garim}ḫi-il-ti šá E-{d}PA			RGTC-8	160	Near URUK						In ALT 1	-800	BAMK	Possible					IQ		
	Ḫubaba-ša-Bīt-Nabû	{garim}ḫu-ba-ba šá É-{d}PA			RGTC-8	163	Near URUK						In ALT 1	-800	BAMK	Possible					IQ		
	Ḫuṣṣēti-ša-Aḫḫūti	ḫu-uṣ-ṣe-e-tu šá {m}aḫ-ḫu-ti			RGTC-8	170	Near URUK						in ALT 1	-800	BAMK	Possible					IQ		
	Ḫuṣṣēti-ša-Nabû-nāṣir	{uru}ḫu-uṣ-ṣe-e-ti/tu šá {m}na-ṣir			RGTC-8	175	Near URUK						Multiple Iterations; In ALT 1	-800	BAMK	Possible					IQ		
	Nagarāja	{uru}na-gar-a-a			RGTC-8	232	Not far from URUK						In ALT 1;	-800	BAMK						IQ		
	Nuḫšānītu	{garim}nu-uḫ-ša-ni-tu/ti			RGTC-8	244	Near URUK						Multiple Iterations; In ALT 1	-800	BAMK	Possible					IQ		
	Rudāja-ša-Bīt-Nabû	{garim}ru-da-a-a ša E-{d}PA			RGTC-8	262	Near URUK						In ALT 1	-800	BAMK	Possible					IQ		
	Šingu	various			RGTC-8	294	Not far from URUK						In ALT 1	-800	BAMK	Possible					IQ		
	Šubat-parakki	{uru}DURUN-BARA; DURUN-BARA			RGTC-8	295	Not far from URUK						In ALT 1	-800	BAMK						IQ		
	Tamertu-ša-Bēl-[ ]	GARIM-ša {d}EN-[...]			RGTC-8	303	Near URUK						In ALT 1	-800	BAMK	Possible					IQ		
	Tamertu-ša-sīsē	GARIM ša ANŠE.KUR.RA{meš}			RGTC-8	305	Near URUK						In ALT 1	-800	BAMK	Possible					IQ		
	Ṭūrānu	{uru}ṭu-ra-nu			RGTC-8	316	Not far from URUK						In ALT 1	-800	BAMK						IQ		
	Ḫarri-Arali	{i7}-ḫar-ri-{m}-a-ra-li-'-[(x)] (?)	Water		RGTC-8	350	Near URUK						In ALT 1	-800	BAMK	Possible					IQ		
	Dūr-Rukbi	{uru}BÀD-{1}ru-uk-bi			RGTC-7/3	194	North of URUK						In ALT 1; walled city	-800	BAMK						IQ		
	Larak	UD.UD.AG{ki}; UD.UD{ki}; {uru}la-rak; {uru}la-rak-ka			RGTC-7/3	368-370	***						In ALT 1	-800	BAMK						IQ		
	Manaḫḫu	{uru}ma-na-aḫ-ḫu			RGTC-7/3	388	North of URUK						"In ALT 1, walled city"	-800	BAMK						IQ		
	Sadiri	{uru}sa-di-ri			RGTC-7/3	494	North of URUK						In ALT 1	-800	BAMK						IQ		
BALI	Bāb-āli	{uru}KA-URU			RGTC-8	38	Suburb of URUK	Possible					"Marked w/ ""?""; Mentioned with URUK and ALT 1"	-800	BBE						IQ		
AMT	Amatu	a-ma-tu			RGTC-8	22	Near URUK						"""Of"" ALT 1"	-800	BDKR	Possible					IQ		
BRAH	Bīt-Raḫē	<A.> GAR E-{m}ki-na-a pi-ḫat E-{f} ra-aḫ-'-e			RGTC-8	101	North of URUK						Multiple Iterations; in ALT 1	-800	BDKR						IQ		
	Allallu 	{uru}al-la-al-lu			RGTC-7/3	19	***						In ALT 1	-800	BDKR						IQ		
NBSS	Nār-Baṣṣu	ÍD ba-aṣ-ṣu (šá TIN.TIR.KI)	Water		Ermidoro	151	URUK Region						Passed through village (ALT 1)	-800	Bēl-ētir						IQ		
BGP2	Bīt-Guppu	various			RGTC-8	88	Not far from URUK	Probable					Cf. ALT 1	-800	BGP1	Possible					IQ		
HSNR	Ḫarru-ša-nēri	ÍD ḫar-ri šá GÍŠ+U{àm}	Water		Ermidoro	148	In URUK						In ALT 1	-800	Bīt Zabūnu						IQ		
SEA	Māt-Tāmti	KUR-tam-ti{ki}	Region		RGTC-8	226-227	***						AKA Sealand within ALT 1	-800	BJKN						IQ		
	Raqqat	{uru(?)}ra-aq-qa-at			RGTC-8	258	Not far from URUK	Possible					"""Uruk"" marked w/ ""?; In ALT 1 (Bagg 2020), walled city"	-800	BJKN						IQ		
	Ekuššu	{uru}e-ku-uš-šú			RGTC-7/3	201	URUK Region						In ALT 1; walled city	-800	BJKN						IQ		
	Kissik	ki-is-sik{ki}; ki-sik{ki}; others			RGTC-7/3	345-346	***				Tall al-Laḥm		In ALT 1	-800	BJKN						IQ		
IZA	Izalla				Zadok 2020		***				Ṭūr ʿAbdin		Near ALT 1; Eanna held pasture land here	-800	BOR						IQ		
	Nār-Ištar	KA-I7-{d}XV; others	Water		RGTC-8	373	URUK Region						Multiple Iterations; Not far from ALT 1	-800	BOR	Perhaps					IQ		
NGZT	Nār-Gizzēti	I7-giz(!)-ze-ti(!)	Water		RGTC-8	370-371	Not far from URUK	Possible					Flows in ALT 1	-800	DGZT	Possible					IQ		
BSD	Bīt-Šadaynu	{uru}É šad-da-A+A-nu			Zadok 2020	496-497	***						Near ALT 1	-800	DIL						IQ		
TBLT	Til-Bēltu	KA ša {garim}DU6-{d}GAŠAN			RGTC-8	309	***						Not far from ALT 1	-800	DLB						IQ		
NBSL	Bitqu-ša-Lābāši	check RGTC-8	Water		RGTC-8	349	URUK Region	Possible					Not far from ALT 1	-800	DSBD	Possible					IQ		
SLH	Šiliḫtu	various			RGTC-8	294	URUK Region						Near ALT 1	-800	DSJT	Possible					IQ		
HLSB	Ḫarru-ša-Lābāši	various	Water		RGTC-8	356	Near URUK						Along ALT 1	-800	DUG	Probable					IQ		
	Gadijāti	{uru}ga-di-ia-ti			RGTC-7/3	220	URUK Region						Banks of ALT 1	-800	EUP	Probable					IQ		
TNNA	Til-Nanâ	DU6-{d}na-na-[a]<<ša>>ši-<ḫi> ša {d}GAŠAN ša UNU{ki} ša UGU ḫar-ri ša {m}la-ba-ši			RGTC-8	312	Not far from URUK						On ALT 1	-800	HLBS						IQ		
BHMI	Bāb-Ḫarri-Marduk-apla-iddin	various			RGTC-8	38	Not far from URUK						On ALT 1	-800	HMAI						IQ		
NNPQ	Nār-Piqûdu	I-pi-qu-du	Water		RGTC-8	379	***						ID to ALT 1; Cf. Piqûti	-800	HPQD						IQ		
NHSI	Ḫarru-ša-Iddinā	{i7}ḫar-ri/ru ša {m}SUM{na-a}	Water		RGTC-8	355	Not far from URUK						In ALT 1	-800	HSI						IQ		
	Nāru-ša-Aška-'īti	I7-ša {d}aš-ka-t-ti	Water		RGTC-8	390	Not far from URUK						Possible ID to ALT 1	-800	HSKT						IQ		
	Šalamu	check RGTC-8			RGTC-8	285	Not far from URUK	Possible					"On ALT 1; ALT marked w/ ""??"""	-800	HSLM	Possible					IQ		
HNB	Ḫuṣṣēti-ša-Nabû-bān-aḫi	{uru}ḫu-uṣ-ṣe-e-ti šá {md}AG-DU-ŠEŠ			RGTC-8	174	URUK Region	Probable					Mentioned with ALT 1	-800	HSM						IQ		
HBET	Ḫarru-ša-Bēl-eṭir	ḫa-ar-ra-tu{4} NIG.GA {d}GAŠAN šá UNUG{ki} u {d}na-na-a	Water		Ermidoro	144	In URUK						Mentioned with ALT 1	-800	HSNN						IQ		
	Patibiri 	{uru}pa-ti-bi-ri			RGTC-7/3	458	***				Tall al-Madā’in 		"70 km East of ALT 1,"	-800	ISN						IQ		
EKL	Ekallāti	check RGTC-8			RGTC-8	130	Near URUK	Probable					From document issued in ALT 1	-800	KHL						IQ		
BBLT	Bīt-Bēltu	various			RGTC-8	84	Near URUK						Multiple Iterations; Mentioned After ALT 1	-800	KNN						IQ		
NKNN	Nār-Kār-Nanâ	I7-kar-{d}na-na-a	Water		RGTC-8	374	URUK Region	Probable					Flowed in ALT 1	-800	KNN	Probable					IQ		
DUR	Dūru	BAD{ki}; see RGTC-8			RGTC-8	125	Near URUK	Probable					Between URUK & ALT 1; Could be Tall al-Laḫam or Umm-al-Wawīya	-800	LAR	Probable					IQ		
KNRT	Kār-Ninurta	various			RGTC-8	197	Not far from URUK	Perhaps					Multiple Iterations; Near ALT 1	-800	LAR	Possible					IQ		
	Raqqat-Šamaš	various			RGTC-8	258-259	Not far from URUK	Possible					Not far from ALT 1; closer to ALT 1 than URUK	-800	LAR	Possible					IQ		
	Nār-Raqqat-Šamaš	various	Water		RGTC-8	380	Not far from URUK	Possible					Not far from ALT 1;	-800	LAR						IQ		
LST2	Laḫitu	various			RGTC-8	208	Mentioned in URUK Text						Cf. ALT 1	-800	LST1						IQ		
LST1	La'etu	{lu}la-'-e-tu-u-a	Settlement	Tribe	RGTC-8	207	Not far from URUK	Probable					"Seems to be ""Li'tawu"", Aramean tribe in URUK area; Cf. ALT1"	-800	LST2	Possible					IQ		
	Uddanu	various			RGTC-8	317-318	North of URUK	Probable					Between URUK and ALT 1	-800	MRD						IQ		
NMKR	Nār-Mekīri 	ÍD me-ki-ri	Water		Ermidoro	156	Towards URUK						Not far from ALT 1	-800	NBAB						IQ		
NBBE	Bitqu-ša-Bēl-ēṭir	various	Water		RGTC-8	348	URUK Region						On ALT 1	-800	NBBE						IQ		
	Ḫiri[ ]	check RGTC-8			RGTC-8	163	Not far from URUK						Mentioned in a document from ALT 1	-800	NHL						IQ		
	Ḫarri-Šalam(mu)				Zadok 2020		***						Near ALT 1	-800	NHL	Perhaps					IQ		
NUN1	Nūnu	{uru}nu-ū-nu			RGTC-8	244	Near URUK						Cf. ALT 1	-800	NIN2						IQ		
NBAB	Nār-bābi	ÍD KÁ	Water		Ermidoro	150	Towards URUK						Mentioned with ALT 1	-800	NMKR						IQ		
HSNN	Ḫarru-ša-Nanâ	various	Water		RGTC-8	357-358	In & Near URUK						Presumably Equivalent to ALT 1	-800	NSNN						IQ		
TSU	Tabīnu-ša-Šuma-ukīn	check RGTC-8			RGTC-8	300-301	URUK Region						Not far from ALT 1	-800	RAT						IQ		
BBE	Bitqu-Ša-Bēl-ēṭir	various			RGTC-8	100	URUK Region						On ALT 1	-800	NBBE						IQ		
KKB	Kakkabtu	{uru}kak-kab-ti/tu			RGTC-8	191	URUK Region						Not far from ALT 1;	-800	NBBE	Probable					IQ		
HKLB	Ḫarru-ša-Kalbati	ÍD ḫar-ri šá {f}kal-ba-ti	Water		Ermidoro	145-146	In URUK						Near ALT 1	-800	RDJ						IQ		
DGZT	Dūr-gizzēti	check RGTC-8			RGTC-8	122	Not far from URUK						Poss. a.k.a. Dūr-gi; Cf. ALT 1;	-800	NGZT						IQ		
BKAS	Bīt-Kāṣir	{uru}E-{m}ka-ṣir			RGTC-8	94	Not far from URUK	Perhaps					On ALT 1	-800	NHSI	Perhaps					IQ		
DSDN	Dūru-ša-x-dana-[ ]	check RGTC-8			RGTC-8	127	URUK Region						On ALT 1	-800	NHSI						IQ		
HSI	Ḫarru-ša-Iddinā	various			RGTC-8	154	URUK Region						On ALT 1	-800	NHSI						IQ		
KNN	Kār-Nanâ	various			RGTC-8	197	URUK Region	Probable					On ALT 1	-800	NKNN	Probable					IQ		
	Ḫulḫullu	ḫu-ul-ḫu-ul-lu			RGTC-8	165	North of URUK	Possible					North of ALT 1	-800	NKRK						IQ		
AST	Aššurītu	{uru}á-šur-ri-ti; others			RGTC-8	35-36	Near URUK						"Near Mouth of ALT 1, on Left Bank; Cf. Bāb-Aššurītu"	-800	NNAS						IQ		
NSB	Naṣībāta	various			RGTC-8	235	URUK Region						On middle course of ALT 1	-800	NNAS						IQ		
	Naṣībāta				Zadok 2020		***						On ALT 1	-800	NNAS						IQ		
ASNB	Àlu-ša-Nabû-bān-aḫi	URU šá {md}AG-DU-ŠEŠ			RGTC-8	15	Not far from URUK						On ALT 1	-800	NNBT	Probable					IQ		
HSLM	Ḫarri-Šalam	{i7}ḫar-ri-{m}ša-lam	Water		RGTC-8	352	Not far from URUK	Probable					Cf. Ḫarri-Šalammu; Near ALT 1	-800	NNHL	Perhaps					IQ		
HSM	Ḫuṣṣēti-ša-Amassu	{uru}ḫu-uṣ-ṣe-e-tu šá {m}a-mat-su			RGTC-8	170	URUK Region						Near ALT 1	-800	NNIN						IQ		
NNGM	Nār-Gamadē	I7-ga-ma-de-e	Water		RGTC-8	370	URUK Region	Probable					Tributary of ALT 1 from Right Bank	-800	NNIN	Probable					IQ		
PQD	Piqūdu/Puqūdu	various	Settlement	Tribe	RGTC-8	249-250	Not far from URUK	Perhaps					Multiple Iterations; Many sp. variants; CF ALT 1	-800	NNPQ						IQ		
GZT	Gizzēti	{garim}gi-iz-ze-e-t[i]			RGTC-8	141	Near URUK						Poss. a.k.a Dūr-gizzēti; On ALT 1	-800	NNRS						IQ		
HDD	Ḫudada	various			RGTC-8	164	URUK Region	Possible					Multiple Iterations; Not far from ALT 1	-800	NNRS						IQ		
	Ḫibṭūni	E-DINGIR-AŠ {garim}ḫi-ib-ṭu-ni			RGTC-8	159	URUK Region						Not far from ALT 1	-800	NNRS						IQ		
	Bāb-Nāri-ešši				Zadok 2020		***						On ALT 1	-800	NNRS						IQ		
AGR	Agurētti	{uru}SIG4.AL.ÙR.RA{meš}			RGTC-8	3	URUK Region						Poss Cf. Til-agurrēti; Basin of ALT 1	-800	NNSR						IQ		
ANG	Angillu	{garim}an-gil-lu4/li			RGTC-8	23-24	URUK Region (Northern) 						Right Bank of ALT 1	-800	NNSR	Probable					IQ		
BMHR	Bāb-maḫīri	{uru}KA-KI.LAM	Settlement	Village	RGTC-8	59	Northeast of URUK Wall						Not far from ALT 1	-800	NNSR						IQ		
BSB	Bīrtu-ša-Bazāja	various			RGTC-8	77	URUK Region						On ALT 1	-800	NNSR						IQ		
BZBN	Bīt-Zabūnu	various			RGTC-8	110-111	URUK Region						On ALT 1	-800	NNSR						IQ		
HSKT	Ḫarru-ša-Aška'ītu	check RGTC-8	Water		RGTC-8	353	Within URUK						See RGTC-8 for city locations; Tributary on Right Bank of ALT 1	-800	NNSR						IQ		
NNIN	Nār-Innin	various	Water		RGTC-8	372-373	Within URUK						Tributary of ALT 1 from Left Bank; see RGTC 8 for urban pathway	-800	NNSR						IQ		
NHRR	Ḫarru	{i7}ḫar-ri	Water		RGTC-8	352	Not far from URUK	Probable					"Multiple Iterations; may simply mean ""ditch""; Cf. ALT 1"	-800	NNSR						IQ		
	Ḫamar-ša-Jalliqa	{garim}ḫa-mar šá {m}ia-al-li-qa			RGTC-8	149	Not far from URUK	Probable					On ALT 1	-800	NNSR	Probable					IQ		
	Ḫarru-ṭābu	{i7}ḫar-ri DU10.GA	Water		RGTC-8	359	URUK Region						Not far from ALT 1	-800	NNSR						IQ		
	Nār-Šangî	I7-{lu}E.BAR	Water		RGTC-8	383	URUK Region						Not far from ALT 1	-800	NNSR						IQ		
	Damūnu 	{lú}da-mu-ni/nu			RGTC-7/3	169-170	***						On ALT 1	-800	NSRP						IQ		
	Ḫuṣṣēti-Kīna (?)	{uru}ḫu-uṣ-ṣe-e-tu-GI.IN.NA AŠ UGU I7-{d}XXX-ma-dar			RGTC-8	170	***						On ALT 1	-800	NSUM						IQ		
NBUR	Nāru-ša-Bēlti-ša-Uruk 	Í[D šá] {d}GAŠAN ša [UNUG.KI]	Water		Ermidoro	162	URUK Region						Not far from ALT 1	-800	NTKK	Possible					IQ		
BJKN	Bīt-Jakīn(i)	various	Region	Province	RGTC-8	93	***						In ALT 1	-800	SEA						IQ		
GUL	Marratu šaplītu	{íd}mar-ra-ti KI.TA or {íd}mar-ra-ti šap-li-ti	Sea		RGTC-7/3	754	***						"ID to Persian Gulf, borders ALT 1"	-800	SEA						"IQ, KW, IR"		
KNAB	Kār-Nabû				Zadok 2020		***						In ALT 1	-800	SEA						IQ		
	Baṣ 	LAMxKUR.RU{ki}			RGTC-7/3	101-102	***						Near ALT 1	-800	SIP						IQ		
BHLT	Bāb-ḫilti	{uru}KA-{i}ḫi-il-ti			RGTC-8	39	Near URUK	Probable					Mentioned with ALT 1	-800	SQL						IQ		
	Aššūrītu-ša-Bulluṭâ				Zadok 2020		***						Near ALT 1	-800	SQL						IQ		
	Húpu šá Šakillatu	Hu-ú-pu šá {uru}Šá-kil-ta			Zadok 2020	499	***						Suburb of ALT 1	-800	SQL						IQ		
	Húpu šá Šakilta 				Zadok 2020		***						In ALT 1	-800	SQL						IQ		
HDU	Ḫidu'	{garim}ḫi-du-u[' (?)]			RGTC-8	159	URUK Region						On the border of ALT 1	-800	SUM						IQ		
HRB	Ḫarrūbati	{uru}ḫar-ru-ba-ti; {garim}ḫar-ru-bat			RGTC-8	154	Not far from URUK						Connected to ALT 1	-800	SUM						IQ		
HST	Ḫuṣṣēti	{uru}ḫu-uṣ-ṣe-tu4; ḫu-uṣ-ṣe-ti			RGTC-8	169-170	***						"Multiple Iterations; In ALT 1 (""Summandar)"	-800	SUM						IQ		
	Tamertu-ša-Bīt-Dērāja	GARIM ša E-de-ra-a-a; E-{m}de-ra-a-a			RGTC-8	303-304	Not far from URUK						In ALT 1	-800	SUM	Possible					IQ		
	Tamertu-ša-Nabû-aḫa-iddina	GARIM ša {md}AG-ŠEŠ-MU			RGTC-8	304	Near URUK						In ALT 1	-800	SUM	Possible					IQ		
HRB	Ḫar-ran Bel				Zadok 2020		***						Text Connection to ALT 1	-800	TAGR						IQ		
TATN	Til-Atūnāti				Zadok 2020		***						Text Connection to ALT 1	-800	TAGR						IQ		
	Ubūlu				Zadok 2020		East of URUK						East of ALT 1	-800	TIG						IQ		
RAT	Rāṭu	ra-a-ṭu; {uru}ra-a-ṭu; {garim}ra-a-ṭu			RGTC-8	260	URUK Region						Not far from ALT 1	-800	TSU						IQ		
APM	Apramātu	ap-[ra]-ma-a-tú			RGTC-8	25	Near URUK	Possible						-800							IQ		
ASAD	Àlu-ša-Admu	URU šá-ad-mu			RGTC-8	7	Not far from URUK	Possible					a.k.a. Šadmu	-800							IQ		
ASAM	Àlu-ša-Amassu-uṣur	URU šá {m}a-mat-su-URÙ			RGTC-8	7	Not far from URUK	Possible						-800							IQ		
ASAN	Àlu-ša-Anu-aḫa-ereš	KAR-ē-an-na URU ša {md}DIŠ-ŠEŠ-KAM	Settlement		RGTC-8	8	Suburb of URUK	Probable						-800							IQ		
ASAT	Àlu-ša-Atkal-Bēl	URU ša {m}at-kal-{d}EN			RGTC-8	9	Near URUK	Probable						-800							IQ		
ASBZ	Àlu-ša-Bēl-ušēzib	URU ša {md}EN-ú-še-zib			RGTC-8	10	Not far from URUK	Possible						-800							IQ		
ASID	Àlu-ša-Izkur-dān	URU šá iz-kur-da-an			RGTC-8	12	Mentioned in URUK Text							-800							IQ		
ASJQ	Àlu-ša-Jaqi'-il	URU šá {m}ia-a-qi-'-il  or URU šá {m}i-qi-il			RGTC-8	13	Not far from URUK	Probably						-800							IQ		
ASKN	Àlu-ša-Kī-Nabû	check RGTC-8			RGTC-8	13	Not far from URUK	Possibly						-800							IQ		
ASLN	Àlu-ša-Lanē	URU šá {m}la-né-e			RGTC-8	13	Not far from URUK	Possible					See RGTC 8 re: Spelling Issues	-800							IQ		
ASMS	Àlu-ša-mār-šarri	URU šá DUMU-LUGAL			RGTC-8	14	Not far from URUK	Possibe						-800							IQ		
ASNS	Àlu-ša-Nabû-šuma-iddina	URU šá {md}AG-MU-MU			RGTC-8	16	Not far from URUK	Perhaps						-800							IQ		
ASTS	Àlu-ša-tašlīšāni	check RGTC-8			RGTC-8	20	Not far from URUK	Possible						-800							IQ		
ASUM	Àlu-ša-{lú}U.MEK{me}	URU šá {lú}U.MEK{me}			RGTC-8	21	Not far from URUK	Possible					See RGTC 8 for Cf.	-800							IQ		
ASX	Ašat […]	a-šá-at-[…]			RGTC-8	32	Near URUK	Possible						-800							IQ		
ASXX	Àlu-ša-[ ]	check RGTC-8			RGTC-8	21	Not far from URUK	Possible					Multiple Iterations	-800							IQ		
ATK	Attiki'a	{uru} {m}at-ti-'-ki-!-a šá AŠ UGU{ḫi} I7-{d}INNIN			RGTC-8	36	In Vicinity of URUK	Probable					Could also be URUK itself	-800							IQ		
ATR	Atera [ ]	{uru}a-[te] (??)-ra-[x] (?)			RGTC-8	36	Mentioned in URUK Text						"Location Unknown, mentioned in GCCI 1:108, from URUK"	-800							IQ		
AXN	A[ ]ani	a-[(x)]-a-ni			RGTC-8	37	Near URUK	Possible						-800							IQ		
AXT	A[ ]tu	a-x] - [x-tú			RGTC-8	37	Near URUK	Possible						-800							IQ		
BAB	Babylon	Bābili	Settlement	City	LingFil Data		"32.5350 N, 44.4259 E"				Babylon		RGTC-8 pp. 39-58	-800							IQ	200	893951
BALP	Bīt-Alpē	{uru}E-GU4{meš}; ka-ra-am šá E-GU4{me}			RGTC-8	80	Near URUK	Possible						-800							IQ		
BAT	Baṭnānu	E.GAL šá LUGAL šá AŠ {uru}ba-aṭ-na-a-nu			RGTC-8	72	Mentioned in URUK Text						Location unknown	-800							IQ		
BAWK	Bīt-Awkāni				Zadok 2020		***							-800							IQ		
BBAR	Bīt-Bārî	various			RGTC-8	84	Near URUK	Probable					Multiple Iterations	-800							IQ		
BHNS	Bīt-ḫanšē	{uru}E-NINNU{e}			RGTC-8	90	Not far from URUK	Possible						-800							IQ		
BKRK	Bīt-Kur(?)kana	{uru}E-{m}kur(?)-ka-na			RGTC-8	95	Near URUK	Possible						-800							IQ		
BKZB	Bīt-Kuzba-ili	{uru}E-ku-uz-ba-a-DINGER			RGTC-8	95	Not far from URUK	Probable						-800							IQ		
BLBD	Bīt-Lugal-banda	{uru}E-{d}lugal-banda			RGTC-8	95	Not far from URUK	Probable						-800							IQ		
BLT	Bēltija	{uru.d}GAŠAN-ia; E.GAL šá {uru.d}GAŠAN-ia			RGTC-8	74	Near URUK	Probably						-800							IQ		
BNAL	Bāb-nalmē	KA-na-al-me-e			RGTC-8	59	Not far from URUK	Probable						-800							IQ		
BOR	Borsippa	Barsip	Settlement	City	LingFil Data		"32.3924 N, 44.3434 E"				Birs Nimrub		RGTC-8 pp. 65-70	-800							IQ	83	893964
BRN	Bīrānāti	check RGTC-8			RGTC-8	75	Opposite URUK						"Spec. opposite the ""D-MES.LAM.TA.E.A"" Gate of URUK"	-800							IQ		
BSAK	Bāb-šakata	{uru}KA-šá-ka-ta			RGTC-8	61	Not far from URUK	Possible						-800							IQ		
BSDN	Bīt-Šaddajnu	{uru}E-šad-da-a-a-nu			RGTC-8	104	Near URUK	Probable						-800							IQ		
BSPR	Bīt-Šapru'	{uru}E-šap-ru-'			RGTC-8	105	Not far from URUK	Perhaps						-800							IQ		
BSPS	Bīt-ṣapṣap	{lu}AB.BA{meš} {uru}E-ṣap-ṣap			RGTC-8	104	Mentioned in URUK Text							-800							IQ		
BSRN	Bīt-Šarru-rimanni	E-{m}LUGAL-rim-ni			RGTC-8	106	Near URUK	Possible						-800							IQ		
BSTI	Bīt-Šalti-'il	check RGTC-8			RGTC-8	104	Near URUK	Probable						-800							IQ		
BUMK	Bīt-{lú}U.MUK{meš}	{uru}E-{lú}U.MUK{meš}			RGTC-8	109	Near URUK	Possible					See RGTC 8 for Cf.	-800							IQ		
DLB	Dilbat	Dilbat	Settlement	City	LingFil Data		"32.2962 N, 44.4668 E"				Deilam		RGTC-8 pp. 118-119	-800							IQ	253	893987
DUG	Dūr-Ugumu	various			RGTC-8	125	Within URUK						S/W Section of ancient City Wall (Gilgamesh Wall)	-800							IQ		
DUL	Du'īl	{uru}du-'-i-il			RGTC-8	120	Mentioned in URUK Text							-800							IQ		
ELM	Elam	{kur}e-lam-mat{ki}; {kur}ELAM.MA{ki}	Region	Province	RGTC-8	130-132							Transitional Borders	-800							"IQ, IR"		
GRM	Giramu	{uru}gi-ru-mu			RGTC-8	141	Not far from URUK	Perhaps						-800							IQ		
HABD	Ḫarru-ša-Abdâ	ÍD ḫar-ri šá {m}Ab-da-a	Water		Ermidoro	142	URUK Region	Possible					Abda = PN	-800							IQ		
HBAM	Ḫarru-ša-Bīt-Amurru	{i7}ḫa-ri ša E-{m}KUR.GAL; ḫa-ri ša E-{d}KUR.GAL	Water		RGTC-8	354	***							-800							IQ		
HKNS	Ḫarru-ša-Kanišurra	ÍD ḫar-ri ša {d}Ka-ni-sur-ra šá qé-reb UNU[G.KI]	Water		Ermidoro	146	In URUK							-800							IQ		
HNDN	Ḫarru-ša-Nadnāya	various	Water		Ermidoro	147	URUK Region							-800							IQ		
HPS	Ḫapišu	A.GAR {uru}ḫa-pi-šu{ki} pi-ḫat {uru} <E>-da-ku-ru			RGTC-8	152	***							-800							IQ		
HSMT	Ḫarri-Šu(m)āti	--none--	Water		Ermidoro	142	URUK Regon						Mentioned in uncited Uruk Docs (Zadok?)	-800							IQ		
IBL	Ibulu	{uru}i-bu-lu			RGTC-8	178	Mentioned in URUK Text							-800							IQ		
IMR	Imērē	{garim}ANŠE{meš}			RGTC-8	180	Not far from URUK	Possible						-800							IQ		
IPL	Ipaltiru	check RGTC-8			RGTC-8	181	Mentioned in URUK Text							-800							IQ		
ISN	Isin	PA.ŠE{ki}; PA.TE>SI{ki}			RGTC-7/3	299	***				Išān al-Baḥrīyāt 		"Excavated (31.885 N, 45.268 E)"	-800							IQ		
ITN	Imṭūnu	im-ṭu-nu; {garim}im-ṭu-nu NI.GA {d}INNIN UNU{ki} u {d}na-na-a			RGTC-8	180	Not far from URUK							-800							IQ		
JDQ	Jādaqu	{uru}ia-da-qu/qa; {uru}ia-a-da-qu			RGTC-8	185	Not far from URUK	Possible					Multiple Iterations	-800							IQ		
KBL	Kabaltu	{uru}ka-bal-tú			RGTC-8	190	Not far from URUK	Possible					"Makred w/ ""??"""	-800							IQ		
KENN	Kār-Eanna	{uru}KAR-e-an-na; A.ŠA qe-rab KAR-e-an-na 			RGTC-8	195	Near URUK							-800							IQ		
KHL	Kaḫillīni	{uru}ka-ḫi-il-li-ni			RGTC-8	191	Not far from URUK	Possible						-800							IQ		
KLB	Kalbu	{uru}UR.GI7			RGTC-8	191	Location Unknown						"AKA Ahhēšâ, Zadok 2020"	-800							IQ		
KRT	Kirâti	ki-ra-ti			RGTC-8	200	Near URUK	Possible						-800							IQ		
KSQ	Kapri-Sūqāja	{uru}kap-ri-su-qa-a-a			RGTC-8	194	Not far from URUK	Perhaps						-800							IQ		
LAR	Larsa	Larsa	Settlement	City	LingFil Data		22 km ESE from URUK				Tell as Sanakarah (Tulul Sinkara)		"RGTC-8 pp. 210-211; 31.2832 N, 45.8550 E"	-800							IQ	168	912897
MRD	Mar(a)da	various			RGTC-8	220	"44.7833 E, 32.0833 N"				Wanna wa-Sadum			-800							IQ		
NBLS	Nāru-ša-Balāssu 	ÍD šá {m}ba-lat-su 	Water		Ermidoro	162	URUK Region	Likely						-800							IQ		
NIP	Nippur	Nippur (Nipar)	Settlement	City	LingFil Data		"32.1272 N, 45.2300 E"				Nufar		RGTC-8 pp. 239-242	-800							IQ	22	912910
NMAI	Nār-Marduk-apla-iddina 	*none*	Water		Ermidoro	156	URUK Region							-800							IQ		
NNBR	Nāru nēberu 	ÍD né-bé-ri	Water		Ermidoro	161	URUK Region							-800							IQ		
NNSQ	Nār-Nīš-qāti 	ÍD-niš-qá-tu4	Water		Ermidoro	157	URUK Region							-800							IQ		
NSKR	Šikru 	ÍD ši-ik-ri	Water		Ermidoro	165	URUK Text						Mentioned in Eanna Text	-800							IQ		
NSQR	Nār-$igirtu 	ÍD-si-gir-ti	Water		Ermidoro	159	URUK Region							-800							IQ		
NSTM	Nāru-ša-šatammi 	ÍD-šá-{lú}ŠÀ.TAM 	Water		Ermidoro	164	URUK Region							-800							IQ		
NTIG	Tigris	{i7}i-di-iq-lat; i-diq-lat	Water		RGTC-8	361	***						Refers to ANCIENT tracks of river	-800							IQ		
NUQN	Nār-Uqnû 	*none*	Water		Ermidoro	160	URUK Region						Unclear Location!!	-800							IQ		
RBLN	Bitqu-ša-Ladnanu	bit-qa šá la-ad-na-nu	Water		Ermidoro	140	URUK Region							-800							IQ		
NNRS	Nāru-Eššetu	check RGTC-8	Water		RGTC-8	387	Near URUK						Cf. Nāru-eššu	-800							IQ		
NTKK	Takkīru	{i7}tak-ki-ru/ri; others	Water		RGTC-8	400	Not far from URUK							-800							IQ		
SIP	Sippar	various	Settlement	City	LingFil Data		"33.0992 N, 44.2992 E"				Tell ed-Der		Refers to Sippar-Amnanum	-800							IQ	2	392373882
TLHR	Til-Laḫrāti	DU6-U6{meš} ka-le-e LUGAL			RGTC-8	311	Not far from URUK	Perhaps						-800							IQ		
TMSK	Til-Massaka	{uru}DU6-ma-as-sa-ka			RGTC-8	311	Not far from URUK	Perhaps						-800							IQ		
TSUL	Til-Šūlā	DU6-{m}šu-la-a; {garim}DU6-{m}šu-la-a			RGTC-8	313	Near URUK							-800							IQ		
TTUN	Til-Atūnē	{various}DU6-UDUN{meš}			RGTC-8	309	Not far from URUK	Possible						-800							IQ		
URI	Ur	Uri	Settlement	City	LingFil Data		"30.9611 N, 46.1054 E"				Tell Muqayyar		RGTC-8 pp. 321-323	-800							IQ	21	912985
URU	Uruk	UNU{ki}	Settlement	City	RGTC-8	323-330	"31.3235 N, 45.6395 E"			Erech	Warka (Tulul al-Warka)			-800							IQ	105	912986
NHAG	Ḫarri-aggānu	{i7}ḫar-ri-ag-ga-a-nu; {i7}ḫar-ru-ag-ga-nu	Water		RGTC-8	350	Near URUK	Possible						-800							IQ		
NHBI	Ḫarru-ša-Bēl-līšir	check RGTC-8	Water		RGTC-8	354	Not far from URUK	Probable						-800							IQ		
	Ḫanlibbi	{uru}ḫa-an-lib-bi			RGTC-8	151	Near URUK	Probable						-800							IQ		
	Ḫanna-rabi	check RGTC-8			RGTC-8	151	Not far from URUK	Probable						-800							IQ		
	Ḫarrāti-ša-aḫi	check RGTC-8			RGTC-8	154	Not far from URUK	Probable						-800							IQ		
	Ḫarr[ ]	KI{ti} {i}ḫa[r-ri ...]			RGTC-8	155	In or Near URUK	Possible						-800							IQ		
	Ḫimuru	{uru}ḫi-mu-ru			RGTC-8	161	Not far from URUK	Probable						-800							IQ		
	Ḫinṭu	various			RGTC-8	162	Near URUK 	Possible						-800							IQ		
	Ḫišubati	{garim}ḫi-šu-ba-ti			RGTC-8	163	North of URUK	Probable						-800							IQ		
	Ḫuṣṣēti-ša-Bazūzu	{uru}ḫu-ṣu--e-ti šá {m}ba-zu-zu šá pi-ḫat UNU{ki}			RGTC-8	171	URUK Region							-800							IQ		
	Ḫuṣṣēti-ša-bīt-ilāni	{garim}ḫu-uṣ-ṣe-e-ti šá E-DINGIR{meš}			RGTC-8	172	Near URUK							-800							IQ		
	Ḫuṣṣēti-ša-Kidinu	{uru}ḫu-uṣ-ṣe-e-ti šá {m}ki-di-nu			RGTC-8	173	Not far from URUK	Possible						-800							IQ		
	Ḫuṣṣēti-ša-Nabû-zēra-līšir	[{uru}ḫu-uṣ-[ṣ]e-e-ti] šá {md}AG-NUNUN-GIŠ NI.GA {d}INNIN UNU{ki} u {d}na-na-a			RGTC-8	175	Not far from URUK	Probable						-800							IQ		
	Ḫuṣṣēti-ša-[ ]	check RGTC-8			RGTC-8	176	Not far from URUK	Possible					Multiple Iterations	-800							IQ		
	Maḫrā	{uru}maḫ-ra-a-'			RGTC-8	217	Not far from URUK	Probable						-800							IQ		
	Maškanu	{uru}maš-ka-nu			RGTC-8	223	Not far from URUK	Possible						-800							IQ		
	Naḫbūtu	check RGTC-8			RGTC-8	233	Not far from URUK	Probable						-800							IQ		
	Na[ ]tu	na-[x]-[x-x]-tu			RGTC-8	236	Not far from URUK	Probable						-800							IQ		
	Nēberu-ša-Dûri	ne-be-ri ša BAD			RGTC-8	237	Not far from URUK	Perhaps						-800							IQ		
	Qatnu	qat-nu; various			RGTC-8	254-255	Inside -or- Near URUK						Multiple Iterations	-800							IQ		
	Raqqānu	{garim}raq-qa-nu			RGTC-8	258	North of URUK	Probable						-800							IQ		
	Rūqu	qaq-qar la-pa-ni {garim}ru-u'(?)-qu			RGTC-8	263	Not far from URUK	Possible						-800							IQ		
	Sikte	{uru}sik-te(?)			RGTC-8	267	Mentioned in URUK Letter							-800							IQ		
	Sūrānu	{uru}su-ra-nu; {i7}SUR-nu			RGTC-8	276	Not far from URUK	Probable					Multiple Iterations	-800							IQ		
	Ṣa	{uru}ṣa			RGTC-8	278	Mentioned in URUK Text							-800							IQ		
	Šadatu	{uru}ša-da-tu			RGTC-8	282	Mentioned in URUK Text							-800							IQ		
	Šalabu	mi-ṣir-ša ša-la-bu			RGTC-8	284	Near URUK	Possible						-800							IQ		
	Šappāja	šap-pa-a-a			RGTC-8	287	Near URUK	Possible						-800							IQ		
	Šarrabānu	various			RGTC-8	289	Not far from URUK	Possible					Multiple Iterations	-800							IQ		
	Šīḫu	various			RGTC-8	293	Not far from URUK	Probable					"Multiple Iterations; could also be ""Near URUK"""	-800							IQ		
	Šīḫu-Jau[ ]	{garim}ši-i-ḫu ia-u-[...}			RGTC-8	293	Not far from URUK	Probable						-800							IQ		
	Šīḫu-ša-Bīt-Sîn-iškun	check RGTC-8			RGTC-8	293	Not far from URUK	Probable						-800							IQ		
	Tagabti	{garim}ta5-gab-ti			RGTC-8	301	Not far from URUK	Probable						-800							IQ		
	Taḫi	{uru}ta(!)-ḫi			RGTC-8	302	Not far from URUK	Possible					Accessible by boat	-800							IQ		
	Taḫūṭā	various			RGTC-8	302	Not far from URUK	Possible						-800							IQ		
	Tamertu-ša-Ṣēr-Antu	GARIM ša EDEN-an-tu4; {garim}EDEN-an-[tu4]			RGTC-8	305	Near URUK							-800							IQ		
	Tamūdā	{garim}ta-mu-da-'			RGTC-8	306	Near URUK	Possible						-800							IQ		
	Ukal[ ]	{uru}u-kal-x-[..]			RGTC-8	319	Not far from URUK	Possible						-800							IQ		
	Ḫarru-ša-Bīt-ili	ḫar-ri ša E-DINGIR	Water		RGTC-8	354	Not far from URUK	Probable						-800							IQ		
	Ḫarru-ša-Gubbā	check RGTC-8	Water		RGTC-8	355	In URUK						Flowed	-800							IQ		
	Ḫarru-ša-Nabû-ušallim	{i7}ḫar-ri ša {md}AG-GI	Water		RGTC-8	357	Near URUK	Probable						-800							IQ		
	Ḫarru-ša-Ninurta	various	Water		RGTC-8	358	In URUK						Flowed near Ninurta Temple in URUK	-800							IQ		
	Ḫarru-ša-Rēmūtu	various	Water		RGTC-8	358	In URUK						Flowed Near Royal Highway	-800							IQ		
	Ḫarru-ša-Uṣur-amassu	{i7}ḫar-ri ša {d}URU-INIM-su	Water		RGTC-8	359	In or Near URUK	Possible						-800							IQ		
	Ḫarru-[ ]	{i7}ḫar-ri[...]	Water		RGTC-8	360	Mentioned with URUK							-800							IQ		
	Nār-Danqat (?)	I7-dam{a[n}-qa-at(?)]	Water		RGTC-8	369	Near URUK						Flowed near the Wall	-800							IQ		
	Nār-Kanisurra	KI{ti} I7-{d}ka-ni-sur-ra ša qe-rub UNU{ki}	Water		RGTC-8	373	Inside URUK							-800							IQ		
	Nār-Kuzbānītu	I7-ku-uz-ba-ni-i-tu4	Water		RGTC-8	375	Mentioned in URUK Text							-800							IQ		
	Nār-Lamassi	I7-{d}LAMMA	Water		RGTC-8	375	In URUK							-800							IQ		
	Nār-Nāš-Kāpiri	KA-I7-na-aš-ka-pi-ru	Water		RGTC-8	378	Not far from URUK	Possible						-800							IQ		
	Nār-Nakkandi	NI.GA {d}INNIN UNU{ki} u {d}na-na-a A.ŠA {giš}KIRI6.MAḪ ša GU I7-nak-kan-du	Water		RGTC-8	378	In URUK	Possible					Flowed in Kirimāḫu Quarter of URUK	-800							IQ		
	Nār-Puḫušu(?)	I7-pu(?)-ḫu-(?)-šu(?)	Water		RGTC-8	380	Not far from URUK	Probable						-800							IQ		
	Nār-Rubbu	KA-I7-ru-ub-bu	Water		RGTC-8	380	Near URUK	Probable						-800							IQ		
	Nār-Turnu	I7-tur-nu	Water		RGTC-8	386	Not far from URUK	Possible						-800							IQ		
	Nār-Ullāja	I7-ul-la-a-a	Water		RGTC-8	389	Not far from URUK	Perhaps						-800							IQ		
	Nāru-ša-Anu-Bēlšunu	I7 ša {md}DIŠ-EN-šu-nu	Water		RGTC-8	390	In URUK							-800							IQ		
	Nāru-ša-Ina-Abul-Adad	I7 ša AŠ KA.GAL {d}IŠKUR	Water		RGTC-8	391	In URUK							-800							IQ		
	Saḫiru-ša-Nabû-iqīša	{i7}sa-ḫi-ru ša {md}AG-BA{ša} NI.GA {d}GAŠAN UNU{ki}	Water		RGTC-8	398	URUK Region							-800							IQ		
	Bīt-Dērāyi				Zadok 2020		Near URUK							-800							IQ		
	Idiqlat				RGTC-8	361							See Cf citation	-800							IQ		
	Dārāti 	{uru}da-ra-a-te/ti			RGTC-7/3	172	***							-800							IQ		
	Dunānu 	{lu}du-na-ni/nu			RGTC-7/3	180-181	***						"See Zadok 85, 64-68"	-800							IQ		